Current Weight,Name,G0,G1,G2,G3,G4,G5,G6,G7,G8,G11,PeerGroup,OptimiserCategory,Type
3.546768734853985,Vanguard MSCI Index International Shares (hedged) ETF,Growth,International Shares,Global Shares,Global Shares,ETF Index,Developed ,Local,Developed ,,International Shares,World Currency Hedged Equity,International Equities - Hedged,ETF
6.660434618389817,iShares S&P 500 ETF,Growth,International Shares,Global Shares,Global Shares,ETF Index,US,AUD,US,,International Shares,World Other Equity,International Equities - Unhedged,ETF
3.7730468341883303,Vanguard FTSE Europe Shares ETF,Growth,International Shares,Global Shares,Global Shares,ETF Index,Europe,AUD,Europe,,International Shares,Europe Equity,International Equities - Unhedged,ETF
0.8498501349929669,iShares MSCI Japan ETF,Growth,International Shares,Global Shares,Global Shares,ETF Index,Japan,AUD,Japan,,International Shares,World Other Equity,International Equities - Unhedged,ETF
1.729576166826495,Vanguard Global Infrastructure Index ETF,Growth,Real Assets,Alternatives,Alternatives (Growth),ETF Index,,,Global Listed Infrastructure,,Real Assets,Global Infrastructure,Global Unlisted Infrastructure,ETF
9.765432639711298,iShares Core Composite Bond ETF,Defensive,Long Duration,Australian Fixed Interest,Australian Fixed Interest,ETF Index,,,Core Australian Bonds,,Long Duration,Australian Bonds,Australian Fixed Interest,ETF
5.006445020703769,iShares Government Inflation ETF,Defensive,Long Duration,Global Fixed Interest,Global Fixed Interest,ETF Index,,,Inflation Linked Bonds,,Long Duration,Inflation linked Bonds,Inflation Linked Government Bonds,ETF
12.022460332989796,VanEck Australian Floating Rate ETF,Defensive,Floating Rate,Australian Fixed Interest,Australian Fixed Interest,ETF Index,,,Floating Rate Bonds,,Floating Rate,Diversified Credit,Floating High Yield Credit,ETF
6.279714175799755,BetaShares Australian Major Bank Hybrids Index ETF,Defensive,Floating Rate,Australian Fixed Interest,Australian Fixed Interest,ETF Index,,,Bank Hybrids,,Floating Rate,Global Bonds ,International Fixed Interest,ETF
9.651654235124624,iShares Global Aggregate Bond ESG (AUD Hedged) ETF,Defensive,Long Duration,Global Fixed Interest,Global Fixed Interest,ETF Index,,,Global Aggregate Bonds,,Long Duration,Global Bonds ,International Fixed Interest,ETF
4.797663059148429,iShares Enhanced Cash ETF,Defensive,Floating Rate,Australian Fixed Interest,Australian Fixed Interest,ETF Index,,,Enhanced Cash,,Floating Rate,Domestic Cash,Cash,ETF
8.830152975028605,iShares Core Cash ETF,Defensive,Cash,Cash,Cash,ETF Index,Cash,Cash,Bank Bills,,Cash,Domestic Cash,Cash,ETF
2.338590093382467,Bank Account,Defensive,Cash,Cash,Cash,ASXStock,Cash,Cash,Bank Account,Cash,Cash,Domestic Cash,Cash,Cash
2.5993864715105963,Vanguard FTSE Asia ex Japan Shares Index ETF,Growth,International Shares,Global Shares,Global Shares,Active Manager,,,Asia ex. Japan,,International Shares,Asia Pacific ex Japan Equity,International Equities - Unhedged,ETF
1.569655638902727,BlackRock iShares WholeSale Australian Listed Property Index,Growth,Real Assets,Alternatives,Alternatives (Growth),Passive,,,AREITs,,Real Assets,Australia Real Estate Equity,AREITs,MF
1.4821472895121564,BlackRock iShares Global Listed Property Index,Growth,Real Assets,Alternatives,Alternatives (Growth),Passive,,,GREITs,,Real Assets,Global Real Estate,GREITs,MF
4.081901008327533,iShares Physical Gold ETF,Growth,Alternatives,Alternatives,Alternatives (Growth),ETF Index,Gold,USD,Alternatives (Growth),,Alternatives,Alternatives - Growth Liquid,Alternatives - Growth Liquid,ETF
0.0918766276612876,iShares Core Cash ETF,Defensive,Cash,Cash,Cash,ETF Index,Cash,Cash,Bank Bills,,Cash,Domestic Cash,Cash,ETF
0.09769074415704153,Bank Account,Defensive,Cash,Cash,Cash,ASXStock,Cash,Cash,Bank Account,Cash,Cash,Domestic Cash,Cash,Cash
0.016306190102290695,Life360 Inc.,Growth,Australian Shares,Australian Shares,Australian Shares,Information Technology - 45,ASX,AUD,Australia,,Software - 451030,Australia Large Blend Equity,Australian Equities,ASXStock
0.03183502246982897,The A2 Milk Company Limited,Growth,Australian Shares,Australian Shares,Australian Shares,Consumer Staples - 30,ASX,AUD,Australia,,Food Products - 302020,Australia Large Blend Equity,Australian Equities,ASXStock
0.003017593339731192,Abacus Group,Growth,Australian Shares,Australian Shares,Australian Shares,Real Estate - 60,ASX,AUD,Australia,,Office REITs - 601040,Australia Large Blend Equity,Australian Equities,ASXStock
0.0389765758920703,AGL Energy Limited.,Growth,Australian Shares,Australian Shares,Australian Shares,Utilities - 55,ASX,AUD,Australia,,Multi-Utilities - 551030,Australia Large Blend Equity,Australian Equities,ASXStock
0.010509777903635898,Auckland International Airport Limited,Growth,Australian Shares,Australian Shares,Australian Shares,Industrials - 20,ASX,AUD,Australia,,Transportation Infrastructure - 203050,Australia Large Blend Equity,Australian Equities,ASXStock
0.04963812698788761,Ampol Limited,Growth,Australian Shares,Australian Shares,Australian Shares,Energy - 10,ASX,AUD,Australia,,"Oil, Gas & Consumable Fuels - 101020",Australia Large Blend Equity,Australian Equities,ASXStock
0.16999696922003685,Aristocrat Leisure Limited,Growth,Australian Shares,Australian Shares,Australian Shares,Consumer Discretionary - 25,ASX,AUD,Australia,,"Hotels, Restaurants & Leisure - 253010",Australia Large Blend Equity,Australian Equities,ASXStock
0.04047297749295049,ALS Limited,Growth,Australian Shares,Australian Shares,Australian Shares,Industrials - 20,ASX,AUD,Australia,,Professional Services - 202020,Australia Large Blend Equity,Australian Equities,ASXStock
0.03997499443113499,Altium Limited,Growth,Australian Shares,Australian Shares,Australian Shares,Information Technology - 45,ASX,AUD,Australia,,Software - 451030,Australia Large Blend Equity,Australian Equities,ASXStock
0.055767256004687946,Atlas Arteria,Growth,Australian Shares,Australian Shares,Australian Shares,Industrials - 20,ASX,AUD,Australia,,Transportation Infrastructure - 203050,Australia Large Blend Equity,Australian Equities,ASXStock
0.05841766305124007,Amcor PLC,Growth,Australian Shares,Australian Shares,Australian Shares,Materials - 15,ASX,AUD,Australia,,Containers & Packaging - 151030,Australia Large Blend Equity,Australian Equities,ASXStock
0.019436310993410776,AMP Limited,Growth,Australian Shares,Australian Shares,Australian Shares,Financials - 40,ASX,AUD,Australia,,Financial Services - 402010,Australia Large Blend Equity,Australian Equities,ASXStock
0.018074191587774114,Ansell Limited,Growth,Australian Shares,Australian Shares,Australian Shares,Health Care - 35,ASX,AUD,Australia,,Health Care Equipment & Supplies - 351010,Australia Large Blend Equity,Australian Equities,ASXStock
0.5179000102245174,ANZ Group Holdings Limited,Growth,Australian Shares,Australian Shares,Australian Shares,Financials - 40,ASX,AUD,Australia,,Banks - 401010,Australia Large Blend Equity,Australian Equities,ASXStock
0.08328733162672186,APA Group,Growth,Australian Shares,Australian Shares,Australian Shares,Utilities - 55,ASX,AUD,Australia,,Gas Utilities - 551020,Australia Large Blend Equity,Australian Equities,ASXStock
0.02388451317549959,Eagers Automotive Limited,Growth,Australian Shares,Australian Shares,Australian Shares,Consumer Discretionary - 25,ASX,AUD,Australia,,Specialty Retail - 255040,Australia Large Blend Equity,Australian Equities,ASXStock
0.013942320163075674,ARB Corporation Limited,Growth,Australian Shares,Australian Shares,Australian Shares,Consumer Discretionary - 25,ASX,AUD,Australia,,Automobile Components - 251010,Australia Large Blend Equity,Australian Equities,ASXStock
0.008376276351068865,Arena REIT.,Growth,Australian Shares,Australian Shares,Australian Shares,Real Estate - 60,ASX,AUD,Australia,,Specialized REITs - 601080,Australia Large Blend Equity,Australian Equities,ASXStock
0.003974656177983924,Abacus Storage King,Growth,Australian Shares,Australian Shares,Australian Shares,Real Estate - 60,ASX,AUD,Australia,,Specialized REITs - 601080,Australia Large Blend Equity,Australian Equities,ASXStock
0.08091809155250844,ASX Limited,Growth,Australian Shares,Australian Shares,Australian Shares,Financials - 40,ASX,AUD,Australia,,Capital Markets - 402030,Australia Large Blend Equity,Australian Equities,ASXStock
0.021280794180223293,AUB Group Limited,Growth,Australian Shares,Australian Shares,Australian Shares,Financials - 40,ASX,AUD,Australia,,Insurance - 403010,Australia Large Blend Equity,Australian Equities,ASXStock
0.017132140470486407,Alumina Limited,Growth,Australian Shares,Australian Shares,Australian Shares,Materials - 15,ASX,AUD,Australia,,Metals & Mining - 151040,Australia Large Blend Equity,Australian Equities,ASXStock
0.04382153012602217,Aurizon Holdings Limited,Growth,Australian Shares,Australian Shares,Australian Shares,Industrials - 20,ASX,AUD,Australia,,Ground Transportation - 203040,Australia Large Blend Equity,Australian Equities,ASXStock
0.016909927877483768,Bapcor Limited,Growth,Australian Shares,Australian Shares,Australian Shares,Consumer Discretionary - 25,ASX,AUD,Australia,,Distributors - 255010,Australia Large Blend Equity,Australian Equities,ASXStock
0.03542732421185762,Bendigo and Adelaide Bank Limited,Growth,Australian Shares,Australian Shares,Australian Shares,Financials - 40,ASX,AUD,Australia,,Banks - 401010,Australia Large Blend Equity,Australian Equities,ASXStock
0.005464845471801015,Bega Cheese Limited,Growth,Australian Shares,Australian Shares,Australian Shares,Consumer Staples - 30,ASX,AUD,Australia,,Food Products - 302020,Australia Large Blend Equity,Australian Equities,ASXStock
0.009137141595099122,Bellevue Gold Limited,Growth,Australian Shares,Australian Shares,Australian Shares,Materials - 15,ASX,AUD,Australia,,Metals & Mining - 151040,Australia Large Blend Equity,Australian Equities,ASXStock
1.4034240584940487,BHP Group Limited,Growth,Australian Shares,Australian Shares,Australian Shares,Materials - 15,ASX,AUD,Australia,,Metals & Mining - 151040,Australia Large Blend Equity,Australian Equities,ASXStock
0.02128656121467207,Brickworks Limited,Growth,Australian Shares,Australian Shares,Australian Shares,Materials - 15,ASX,AUD,Australia,,Construction Materials - 151020,Australia Large Blend Equity,Australian Equities,ASXStock
0.011421426980324277,Boral Limited,Growth,Australian Shares,Australian Shares,Australian Shares,Materials - 15,ASX,AUD,Australia,,Construction Materials - 151020,Australia Large Blend Equity,Australian Equities,ASXStock
0.03056062464598585,Bank of Queensland Limited,Growth,Australian Shares,Australian Shares,Australian Shares,Financials - 40,ASX,AUD,Australia,,Banks - 401010,Australia Large Blend Equity,Australian Equities,ASXStock
0.015174084755489578,Beach Energy Limited,Growth,Australian Shares,Australian Shares,Australian Shares,Energy - 10,ASX,AUD,Australia,,"Oil, Gas & Consumable Fuels - 101020",Australia Large Blend Equity,Australian Equities,ASXStock
0.014361976138384008,Breville Group Limited,Growth,Australian Shares,Australian Shares,Australian Shares,Consumer Discretionary - 25,ASX,AUD,Australia,,Household Durables - 252010,Australia Large Blend Equity,Australian Equities,ASXStock
0.0014276783633616827,Brainchip Holdings Ltd,Growth,Australian Shares,Australian Shares,Australian Shares,Information Technology - 45,ASX,AUD,Australia,,Software - 451030,Australia Large Blend Equity,Australian Equities,ASXStock
0.08042008808851793,BlueScope Steel Limited,Growth,Australian Shares,Australian Shares,Australian Shares,Materials - 15,ASX,AUD,Australia,,Metals & Mining - 151040,Australia Large Blend Equity,Australian Equities,ASXStock
0.012583422544501269,BWP Trust,Growth,Australian Shares,Australian Shares,Australian Shares,Real Estate - 60,ASX,AUD,Australia,,Retail REITs - 601070,Australia Large Blend Equity,Australian Equities,ASXStock
0.16230198595960854,Brambles Limited,Growth,Australian Shares,Australian Shares,Australian Shares,Industrials - 20,ASX,AUD,Australia,,Commercial Services & Supplies - 202010,Australia Large Blend Equity,Australian Equities,ASXStock
0.07350016084617361,CAR Group Limited,Growth,Australian Shares,Australian Shares,Australian Shares,Communication Services - 50,ASX,AUD,Australia,,Interactive Media & Services - 502030,Australia Large Blend Equity,Australian Equities,ASXStock
1.384179515458909,Commonwealth Bank of Australia,Growth,Australian Shares,Australian Shares,Australian Shares,Financials - 40,ASX,AUD,Australia,,Banks - 401010,Australia Large Blend Equity,Australian Equities,ASXStock
0.0074134146780963014,Credit Corp Group Limited,Growth,Australian Shares,Australian Shares,Australian Shares,Financials - 40,ASX,AUD,Australia,,Consumer Finance - 402020,Australia Large Blend Equity,Australian Equities,ASXStock
0.037442592866855376,Challenger Limited,Growth,Australian Shares,Australian Shares,Australian Shares,Financials - 40,ASX,AUD,Australia,,Financial Services - 402010,Australia Large Blend Equity,Australian Equities,ASXStock
0.044469390451735785,Charter Hall Group,Growth,Australian Shares,Australian Shares,Australian Shares,Real Estate - 60,ASX,AUD,Australia,,Diversified REITs - 601010,Australia Large Blend Equity,Australian Equities,ASXStock
0.017416387620339115,Chalice Mining Limited,Growth,Australian Shares,Australian Shares,Australian Shares,Materials - 15,ASX,AUD,Australia,,Metals & Mining - 151040,Australia Large Blend Equity,Australian Equities,ASXStock
0.011693112027140525,Champion Iron Limited,Growth,Australian Shares,Australian Shares,Australian Shares,Materials - 15,ASX,AUD,Australia,,Metals & Mining - 151040,Australia Large Blend Equity,Australian Equities,ASXStock
0.012981396593761334,Centuria Industrial REIT,Growth,Australian Shares,Australian Shares,Australian Shares,Real Estate - 60,ASX,AUD,Australia,,Industrial REITs - 601025,Australia Large Blend Equity,Australian Equities,ASXStock
0.009144221140638786,Collins Foods Limited,Growth,Australian Shares,Australian Shares,Australian Shares,Consumer Discretionary - 25,ASX,AUD,Australia,,"Hotels, Restaurants & Leisure - 253010",Australia Large Blend Equity,Australian Equities,ASXStock
0.01768113147161031,Charter Hall Long Wale REIT,Growth,Australian Shares,Australian Shares,Australian Shares,Real Estate - 60,ASX,AUD,Australia,,Diversified REITs - 601010,Australia Large Blend Equity,Australian Equities,ASXStock
0.015197503428364827,Capricorn Metals Ltd,Growth,Australian Shares,Australian Shares,Australian Shares,Materials - 15,ASX,AUD,Australia,,Metals & Mining - 151040,Australia Large Blend Equity,Australian Equities,ASXStock
0.003995952526629363,Cromwell Property Group,Growth,Australian Shares,Australian Shares,Australian Shares,Real Estate - 60,ASX,AUD,Australia,,Office REITs - 601040,Australia Large Blend Equity,Australian Equities,ASXStock
0.006983724521063064,Centuria Capital Group,Growth,Australian Shares,Australian Shares,Australian Shares,Real Estate - 60,ASX,AUD,Australia,,Diversified REITs - 601010,Australia Large Blend Equity,Australian Equities,ASXStock
0.02152130668304248,Chorus Limited,Growth,Australian Shares,Australian Shares,Australian Shares,Communication Services - 50,ASX,AUD,Australia,,Diversified Telecommunication Services - 501010,Australia Large Blend Equity,Australian Equities,ASXStock
0.12229230853949805,Cochlear Limited,Growth,Australian Shares,Australian Shares,Australian Shares,Health Care - 35,ASX,AUD,Australia,,Health Care Equipment & Supplies - 351010,Australia Large Blend Equity,Australian Equities,ASXStock
0.16219663751697896,Coles Group Limited,Growth,Australian Shares,Australian Shares,Australian Shares,Consumer Staples - 30,ASX,AUD,Australia,,Consumer Staples Distribution & Retail - 301010,Australia Large Blend Equity,Australian Equities,ASXStock
0.11359406837599599,Computershare Limited,Growth,Australian Shares,Australian Shares,Australian Shares,Industrials - 20,ASX,AUD,Australia,,Professional Services - 202020,Australia Large Blend Equity,Australian Equities,ASXStock
0.0065971206470772795,Charter Hall Social Infrastructure REIT,Growth,Australian Shares,Australian Shares,Australian Shares,Real Estate - 60,ASX,AUD,Australia,,Specialized REITs - 601080,Australia Large Blend Equity,Australian Equities,ASXStock
0.014372871524048864,Charter Hall Retail REIT,Growth,Australian Shares,Australian Shares,Australian Shares,Real Estate - 60,ASX,AUD,Australia,,Retail REITs - 601070,Australia Large Blend Equity,Australian Equities,ASXStock
0.0015279932680214339,Coronado Global Resources Inc.,Growth,Australian Shares,Australian Shares,Australian Shares,Materials - 15,ASX,AUD,Australia,,Metals & Mining - 151040,Australia Large Blend Equity,Australian Equities,ASXStock
0.7344404719892156,CSL Limited,Growth,Australian Shares,Australian Shares,Australian Shares,Health Care - 35,ASX,AUD,Australia,,Biotechnology - 352010,Australia Large Blend Equity,Australian Equities,ASXStock
0.018559818843026942,CSR Limited,Growth,Australian Shares,Australian Shares,Australian Shares,Materials - 15,ASX,AUD,Australia,,Construction Materials - 151020,Australia Large Blend Equity,Australian Equities,ASXStock
0.016518269878438428,Corporate Travel Management Limited,Growth,Australian Shares,Australian Shares,Australian Shares,Consumer Discretionary - 25,ASX,AUD,Australia,,"Hotels, Restaurants & Leisure - 253010",Australia Large Blend Equity,Australian Equities,ASXStock
0.040010454826299606,Cleanaway Waste Management Limited,Growth,Australian Shares,Australian Shares,Australian Shares,Industrials - 20,ASX,AUD,Australia,,Commercial Services & Supplies - 202010,Australia Large Blend Equity,Australian Equities,ASXStock
0.006288212583707326,Core Lithium Ltd,Growth,Australian Shares,Australian Shares,Australian Shares,Materials - 15,ASX,AUD,Australia,,Metals & Mining - 151040,Australia Large Blend Equity,Australian Equities,ASXStock
0.01790871895936289,De Grey Mining Limited,Growth,Australian Shares,Australian Shares,Australian Shares,Materials - 15,ASX,AUD,Australia,,Metals & Mining - 151040,Australia Large Blend Equity,Australian Equities,ASXStock
0.00997221893619249,Domain Holdings Australia Limited,Growth,Australian Shares,Australian Shares,Australian Shares,Communication Services - 50,ASX,AUD,Australia,,Interactive Media & Services - 502030,Australia Large Blend Equity,Australian Equities,ASXStock
0.015252707044864217,Domino's Pizza Enterprises Limited,Growth,Australian Shares,Australian Shares,Australian Shares,Consumer Discretionary - 25,ASX,AUD,Australia,,"Hotels, Restaurants & Leisure - 253010",Australia Large Blend Equity,Australian Equities,ASXStock
0.022739660385727743,Downer EDI Limited,Growth,Australian Shares,Australian Shares,Australian Shares,Industrials - 20,ASX,AUD,Australia,,Commercial Services & Supplies - 202010,Australia Large Blend Equity,Australian Equities,ASXStock
0.013311949643481097,Deterra Royalties Limited,Growth,Australian Shares,Australian Shares,Australian Shares,Materials - 15,ASX,AUD,Australia,,Metals & Mining - 151040,Australia Large Blend Equity,Australian Equities,ASXStock
0.05709844688286875,Dexus,Growth,Australian Shares,Australian Shares,Australian Shares,Real Estate - 60,ASX,AUD,Australia,,Office REITs - 601040,Australia Large Blend Equity,Australian Equities,ASXStock
0.049145252373314595,Endeavour Group Limited,Growth,Australian Shares,Australian Shares,Australian Shares,Consumer Staples - 30,ASX,AUD,Australia,,Consumer Staples Distribution & Retail - 301010,Australia Large Blend Equity,Australian Equities,ASXStock
0.006471290830930659,Elders Limited,Growth,Australian Shares,Australian Shares,Australian Shares,Consumer Staples - 30,ASX,AUD,Australia,,Food Products - 302020,Australia Large Blend Equity,Australian Equities,ASXStock
0.07014371930471158,Evolution Mining Limited,Growth,Australian Shares,Australian Shares,Australian Shares,Materials - 15,ASX,AUD,Australia,,Metals & Mining - 151040,Australia Large Blend Equity,Australian Equities,ASXStock
0.012676090231277009,EVT Limited,Growth,Australian Shares,Australian Shares,Australian Shares,Communication Services - 50,ASX,AUD,Australia,,Entertainment - 502020,Australia Large Blend Equity,Australian Equities,ASXStock
0.007558295887046958,Fletcher Building Limited,Growth,Australian Shares,Australian Shares,Australian Shares,Industrials - 20,ASX,AUD,Australia,,Building Products - 201020,Australia Large Blend Equity,Australian Equities,ASXStock
0.018296439617767106,Flight Centre Travel Group Limited,Growth,Australian Shares,Australian Shares,Australian Shares,Consumer Discretionary - 25,ASX,AUD,Australia,,"Hotels, Restaurants & Leisure - 253010",Australia Large Blend Equity,Australian Equities,ASXStock
0.20554148308645576,Fortescue Ltd,Growth,Australian Shares,Australian Shares,Australian Shares,Materials - 15,ASX,AUD,Australia,,Metals & Mining - 151040,Australia Large Blend Equity,Australian Equities,ASXStock
0.022083474245073648,Fisher & Paykel Healthcare Corporation Limited,Growth,Australian Shares,Australian Shares,Australian Shares,Health Care - 35,ASX,AUD,Australia,,Health Care Equipment & Supplies - 351010,Australia Large Blend Equity,Australian Equities,ASXStock
0.2507286885333775,Goodman Group,Growth,Australian Shares,Australian Shares,Australian Shares,Real Estate - 60,ASX,AUD,Australia,,Industrial REITs - 601025,Australia Large Blend Equity,Australian Equities,ASXStock
0.012106090267446443,GrainCorp Limited,Growth,Australian Shares,Australian Shares,Australian Shares,Consumer Staples - 30,ASX,AUD,Australia,,Consumer Staples Distribution & Retail - 301010,Australia Large Blend Equity,Australian Equities,ASXStock
0.018327883817201795,Gold Road Resources Limited,Growth,Australian Shares,Australian Shares,Australian Shares,Materials - 15,ASX,AUD,Australia,,Metals & Mining - 151040,Australia Large Blend Equity,Australian Equities,ASXStock
0.00435405456255409,Growthpoint Properties Australia,Growth,Australian Shares,Australian Shares,Australian Shares,Real Estate - 60,ASX,AUD,Australia,,Diversified REITs - 601010,Australia Large Blend Equity,Australian Equities,ASXStock
0.05995297174779724,GPT Group,Growth,Australian Shares,Australian Shares,Australian Shares,Real Estate - 60,ASX,AUD,Australia,,Diversified REITs - 601010,Australia Large Blend Equity,Australian Equities,ASXStock
0.008792000839875316,G.U.D. Holdings Limited,Growth,Australian Shares,Australian Shares,Australian Shares,Consumer Discretionary - 25,ASX,AUD,Australia,,Automobile Components - 251010,Australia Large Blend Equity,Australian Equities,ASXStock
0.014576765021364069,Homeco Daily Needs REIT,Growth,Australian Shares,Australian Shares,Australian Shares,Real Estate - 60,ASX,AUD,Australia,,Retail REITs - 601070,Australia Large Blend Equity,Australian Equities,ASXStock
0.007773945028743448,Healius Limited,Growth,Australian Shares,Australian Shares,Australian Shares,Health Care - 35,ASX,AUD,Australia,,Health Care Providers & Services - 351020,Australia Large Blend Equity,Australian Equities,ASXStock
0.004458020537110688,HMC Capital Limited,Growth,Australian Shares,Australian Shares,Australian Shares,Real Estate - 60,ASX,AUD,Australia,,Retail REITs - 601070,Australia Large Blend Equity,Australian Equities,ASXStock
0.022024450970072915,HUB24 Limited,Growth,Australian Shares,Australian Shares,Australian Shares,Financials - 40,ASX,AUD,Australia,,Capital Markets - 402030,Australia Large Blend Equity,Australian Equities,ASXStock
0.019806739781267124,Harvey Norman Holdings Limited,Growth,Australian Shares,Australian Shares,Australian Shares,Consumer Discretionary - 25,ASX,AUD,Australia,,Broadline Retail - 255030,Australia Large Blend Equity,Australian Equities,ASXStock
0.10214482554323322,Insurance Australia Group Limited,Growth,Australian Shares,Australian Shares,Australian Shares,Financials - 40,ASX,AUD,Australia,,Insurance - 403010,Australia Large Blend Equity,Australian Equities,ASXStock
0.010888875184103008,Idp Education Limited,Growth,Australian Shares,Australian Shares,Australian Shares,Consumer Discretionary - 25,ASX,AUD,Australia,,Diversified Consumer Services - 253020,Australia Large Blend Equity,Australian Equities,ASXStock
0.011678811543634093,Insignia Financial Ltd,Growth,Australian Shares,Australian Shares,Australian Shares,Financials - 40,ASX,AUD,Australia,,Capital Markets - 402030,Australia Large Blend Equity,Australian Equities,ASXStock
0.051171945877268796,IGO Limited,Growth,Australian Shares,Australian Shares,Australian Shares,Materials - 15,ASX,AUD,Australia,,Metals & Mining - 151040,Australia Large Blend Equity,Australian Equities,ASXStock
0.017355158572451516,Iluka Resources Limited,Growth,Australian Shares,Australian Shares,Australian Shares,Materials - 15,ASX,AUD,Australia,,Metals & Mining - 151040,Australia Large Blend Equity,Australian Equities,ASXStock
0.0010032065840992347,Imugene Limited,Growth,Australian Shares,Australian Shares,Australian Shares,Health Care - 35,ASX,AUD,Australia,,Biotechnology - 352010,Australia Large Blend Equity,Australian Equities,ASXStock
0.012045421631791679,Ingenia Communities Group,Growth,Australian Shares,Australian Shares,Australian Shares,Real Estate - 60,ASX,AUD,Australia,,Residential REITs - 601060,Australia Large Blend Equity,Australian Equities,ASXStock
0.009907638370835971,Inghams Group Limited,Growth,Australian Shares,Australian Shares,Australian Shares,Consumer Staples - 30,ASX,AUD,Australia,,Food Products - 302020,Australia Large Blend Equity,Australian Equities,ASXStock
0.010769490408692564,IPH Limited,Growth,Australian Shares,Australian Shares,Australian Shares,Industrials - 20,ASX,AUD,Australia,,Professional Services - 202020,Australia Large Blend Equity,Australian Equities,ASXStock
0.03570678074720638,Incitec Pivot Limited,Growth,Australian Shares,Australian Shares,Australian Shares,Materials - 15,ASX,AUD,Australia,,Chemicals - 151010,Australia Large Blend Equity,Australian Equities,ASXStock
0.007451285943099529,IRESS Limited,Growth,Australian Shares,Australian Shares,Australian Shares,Information Technology - 45,ASX,AUD,Australia,,Software - 451030,Australia Large Blend Equity,Australian Equities,ASXStock
0.03981954510509296,JB Hi-Fi Limited,Growth,Australian Shares,Australian Shares,Australian Shares,Consumer Discretionary - 25,ASX,AUD,Australia,,Specialty Retail - 255040,Australia Large Blend Equity,Australian Equities,ASXStock
0.10938976067972202,James Hardie Industries PLC,Growth,Australian Shares,Australian Shares,Australian Shares,Materials - 15,ASX,AUD,Australia,,Construction Materials - 151020,Australia Large Blend Equity,Australian Equities,ASXStock
0.0061097730882573855,Johns Lyng Group Limited,Growth,Australian Shares,Australian Shares,Australian Shares,Industrials - 20,ASX,AUD,Australia,,Construction & Engineering - 201030,Australia Large Blend Equity,Australian Equities,ASXStock
0.012210299346699035,Karoon Energy Ltd,Growth,Australian Shares,Australian Shares,Australian Shares,Energy - 10,ASX,AUD,Australia,,"Oil, Gas & Consumable Fuels - 101020",Australia Large Blend Equity,Australian Equities,ASXStock
0.009122865306603516,Kelsian Group Limited,Growth,Australian Shares,Australian Shares,Australian Shares,Industrials - 20,ASX,AUD,Australia,,Ground Transportation - 203040,Australia Large Blend Equity,Australian Equities,ASXStock
0.0081724567311951,Lifestyle Communities Limited,Growth,Australian Shares,Australian Shares,Australian Shares,Real Estate - 60,ASX,AUD,Australia,,Real Estate Management & Development - 602010,Australia Large Blend Equity,Australian Equities,ASXStock
0.0017676187817208108,Lake Resources N.L.,Growth,Australian Shares,Australian Shares,Australian Shares,Materials - 15,ASX,AUD,Australia,,Metals & Mining - 151040,Australia Large Blend Equity,Australian Equities,ASXStock
0.031116105957400296,Lendlease Group,Growth,Australian Shares,Australian Shares,Australian Shares,Real Estate - 60,ASX,AUD,Australia,,Real Estate Management & Development - 602010,Australia Large Blend Equity,Australian Equities,ASXStock
0.004283035117621602,Link Administration Holdings Limited,Growth,Australian Shares,Australian Shares,Australian Shares,Industrials - 20,ASX,AUD,Australia,,Professional Services - 202020,Australia Large Blend Equity,Australian Equities,ASXStock
0.010696453236725573,Lovisa Holdings Limited,Growth,Australian Shares,Australian Shares,Australian Shares,Consumer Discretionary - 25,ASX,AUD,Australia,,Specialty Retail - 255040,Australia Large Blend Equity,Australian Equities,ASXStock
0.04568570830374301,Liontown Resources Limited,Growth,Australian Shares,Australian Shares,Australian Shares,Materials - 15,ASX,AUD,Australia,,Metals & Mining - 151040,Australia Large Blend Equity,Australian Equities,ASXStock
0.05926309016936371,Lynas Rare Earths Limited,Growth,Australian Shares,Australian Shares,Australian Shares,Materials - 15,ASX,AUD,Australia,,Metals & Mining - 151040,Australia Large Blend Equity,Australian Equities,ASXStock
0.006796446526160552,Magellan Financial Group Limited,Growth,Australian Shares,Australian Shares,Australian Shares,Financials - 40,ASX,AUD,Australia,,Capital Markets - 402030,Australia Large Blend Equity,Australian Equities,ASXStock
0.07521390509052522,Mirvac Group,Growth,Australian Shares,Australian Shares,Australian Shares,Real Estate - 60,ASX,AUD,Australia,,Diversified REITs - 601010,Australia Large Blend Equity,Australian Equities,ASXStock
0.047631518687462265,Mineral Resources Limited,Growth,Australian Shares,Australian Shares,Australian Shares,Materials - 15,ASX,AUD,Australia,,Metals & Mining - 151040,Australia Large Blend Equity,Australian Equities,ASXStock
0.010972313791258653,Monadelphous Group Limited,Growth,Australian Shares,Australian Shares,Australian Shares,Industrials - 20,ASX,AUD,Australia,,Construction & Engineering - 201030,Australia Large Blend Equity,Australian Equities,ASXStock
0.025175180604935274,Megaport Limited,Growth,Australian Shares,Australian Shares,Australian Shares,Information Technology - 45,ASX,AUD,Australia,,IT Services - 451020,Australia Large Blend Equity,Australian Equities,ASXStock
0.08907922196606578,Medibank Private Limited,Growth,Australian Shares,Australian Shares,Australian Shares,Financials - 40,ASX,AUD,Australia,,Insurance - 403010,Australia Large Blend Equity,Australian Equities,ASXStock
0.44292778088829055,Macquarie Group Limited,Growth,Australian Shares,Australian Shares,Australian Shares,Financials - 40,ASX,AUD,Australia,,Capital Markets - 402030,Australia Large Blend Equity,Australian Equities,ASXStock
0.030612185978307446,Metcash Limited,Growth,Australian Shares,Australian Shares,Australian Shares,Consumer Staples - 30,ASX,AUD,Australia,,Consumer Staples Distribution & Retail - 301010,Australia Large Blend Equity,Australian Equities,ASXStock
0.6404476001679759,National Australia Bank Limited,Growth,Australian Shares,Australian Shares,Australian Shares,Financials - 40,ASX,AUD,Australia,,Banks - 401010,Australia Large Blend Equity,Australian Equities,ASXStock
0.009604813014763533,Nanosonics Limited,Growth,Australian Shares,Australian Shares,Australian Shares,Health Care - 35,ASX,AUD,Australia,,Health Care Equipment & Supplies - 351010,Australia Large Blend Equity,Australian Equities,ASXStock
0.026880080936358058,Nine Entertainment Co. Holdings Limited,Growth,Australian Shares,Australian Shares,Australian Shares,Communication Services - 50,ASX,AUD,Australia,,Media - 502010,Australia Large Blend Equity,Australian Equities,ASXStock
0.22563467110834923,Newmont Corporation,Growth,Australian Shares,Australian Shares,Australian Shares,Materials - 15,ASX,AUD,Australia,,Metals & Mining - 151040,Australia Large Blend Equity,Australian Equities,ASXStock
0.015630869770442025,New Hope Corporation Limited,Growth,Australian Shares,Australian Shares,Australian Shares,Energy - 10,ASX,AUD,Australia,,"Oil, Gas & Consumable Fuels - 101020",Australia Large Blend Equity,Australian Equities,ASXStock
0.033856297646975904,NIB Holdings Limited,Growth,Australian Shares,Australian Shares,Australian Shares,Financials - 40,ASX,AUD,Australia,,Insurance - 403010,Australia Large Blend Equity,Australian Equities,ASXStock
0.008590794382351455,Nickel Industries Limited,Growth,Australian Shares,Australian Shares,Australian Shares,Materials - 15,ASX,AUD,Australia,,Metals & Mining - 151040,Australia Large Blend Equity,Australian Equities,ASXStock
0.018686723410400126,National Storage REIT,Growth,Australian Shares,Australian Shares,Australian Shares,Real Estate - 60,ASX,AUD,Australia,,Specialized REITs - 601080,Australia Large Blend Equity,Australian Equities,ASXStock
0.10614301765177792,Northern Star Resources Ltd,Growth,Australian Shares,Australian Shares,Australian Shares,Materials - 15,ASX,AUD,Australia,,Metals & Mining - 151040,Australia Large Blend Equity,Australian Equities,ASXStock
0.00892904074355998,Nufarm Limited,Growth,Australian Shares,Australian Shares,Australian Shares,Materials - 15,ASX,AUD,Australia,,Chemicals - 151010,Australia Large Blend Equity,Australian Equities,ASXStock
0.006837281056010304,NRW Holdings Limited,Growth,Australian Shares,Australian Shares,Australian Shares,Industrials - 20,ASX,AUD,Australia,,Construction & Engineering - 201030,Australia Large Blend Equity,Australian Equities,ASXStock
0.010069819509353026,Netwealth Group Limited,Growth,Australian Shares,Australian Shares,Australian Shares,Financials - 40,ASX,AUD,Australia,,Capital Markets - 402030,Australia Large Blend Equity,Australian Equities,ASXStock
0.007501167317804864,News Corporation..,Growth,Australian Shares,Australian Shares,Australian Shares,Communication Services - 50,ASX,AUD,Australia,,Media - 502010,Australia Large Blend Equity,Australian Equities,ASXStock
0.045331391609717116,Nextdc Limited,Growth,Australian Shares,Australian Shares,Australian Shares,Information Technology - 45,ASX,AUD,Australia,,IT Services - 451020,Australia Large Blend Equity,Australian Equities,ASXStock
0.01572013741448689,Orora Limited,Growth,Australian Shares,Australian Shares,Australian Shares,Materials - 15,ASX,AUD,Australia,,Containers & Packaging - 151030,Australia Large Blend Equity,Australian Equities,ASXStock
0.10175279423937438,Origin Energy Limited,Growth,Australian Shares,Australian Shares,Australian Shares,Utilities - 55,ASX,AUD,Australia,,Electric Utilities - 551010,Australia Large Blend Equity,Australian Equities,ASXStock
0.05443819217711854,Orica Limited,Growth,Australian Shares,Australian Shares,Australian Shares,Materials - 15,ASX,AUD,Australia,,Chemicals - 151010,Australia Large Blend Equity,Australian Equities,ASXStock
0.016763895012997656,Paladin Energy Ltd,Growth,Australian Shares,Australian Shares,Australian Shares,Energy - 10,ASX,AUD,Australia,,"Oil, Gas & Consumable Fuels - 101020",Australia Large Blend Equity,Australian Equities,ASXStock
0.05047724576031439,Pilbara Minerals Limited,Growth,Australian Shares,Australian Shares,Australian Shares,Materials - 15,ASX,AUD,Australia,,Metals & Mining - 151040,Australia Large Blend Equity,Australian Equities,ASXStock
0.02768918193079134,Pro Medicus Limited,Growth,Australian Shares,Australian Shares,Australian Shares,Health Care - 35,ASX,AUD,Australia,,Health Care Technology - 351030,Australia Large Blend Equity,Australian Equities,ASXStock
0.010786903374228033,Premier Investments Limited,Growth,Australian Shares,Australian Shares,Australian Shares,Consumer Discretionary - 25,ASX,AUD,Australia,,Specialty Retail - 255040,Australia Large Blend Equity,Australian Equities,ASXStock
0.009128051374637262,Pinnacle Investment Management Group Limited,Growth,Australian Shares,Australian Shares,Australian Shares,Financials - 40,ASX,AUD,Australia,,Capital Markets - 402030,Australia Large Blend Equity,Australian Equities,ASXStock
0.00418155797726212,Polynovo Limited,Growth,Australian Shares,Australian Shares,Australian Shares,Health Care - 35,ASX,AUD,Australia,,Health Care Equipment & Supplies - 351010,Australia Large Blend Equity,Australian Equities,ASXStock
0.014741192158171244,Perpetual Limited,Growth,Australian Shares,Australian Shares,Australian Shares,Financials - 40,ASX,AUD,Australia,,Capital Markets - 402030,Australia Large Blend Equity,Australian Equities,ASXStock
0.02094551873727742,Perseus Mining Limited,Growth,Australian Shares,Australian Shares,Australian Shares,Materials - 15,ASX,AUD,Australia,,Metals & Mining - 151040,Australia Large Blend Equity,Australian Equities,ASXStock
0.010406966363789776,Pexa Group Limited,Growth,Australian Shares,Australian Shares,Australian Shares,Real Estate - 60,ASX,AUD,Australia,,Real Estate Management & Development - 602010,Australia Large Blend Equity,Australian Equities,ASXStock
0.09329437528656682,Qantas Airways Limited,Growth,Australian Shares,Australian Shares,Australian Shares,Industrials - 20,ASX,AUD,Australia,,Passenger Airlines - 203020,Australia Large Blend Equity,Australian Equities,ASXStock
0.18269425813637638,QBE Insurance Group Limited,Growth,Australian Shares,Australian Shares,Australian Shares,Financials - 40,ASX,AUD,Australia,,Insurance - 403010,Australia Large Blend Equity,Australian Equities,ASXStock
0.038875381967577005,Qube Holdings Limited,Growth,Australian Shares,Australian Shares,Australian Shares,Industrials - 20,ASX,AUD,Australia,,Transportation Infrastructure - 203050,Australia Large Blend Equity,Australian Equities,ASXStock
0.05764821000757395,REA Group Ltd,Growth,Australian Shares,Australian Shares,Australian Shares,Communication Services - 50,ASX,AUD,Australia,,Interactive Media & Services - 502030,Australia Large Blend Equity,Australian Equities,ASXStock
0.018383181076928767,Reece Limited,Growth,Australian Shares,Australian Shares,Australian Shares,Industrials - 20,ASX,AUD,Australia,,Trading Companies & Distributors - 201070,Australia Large Blend Equity,Australian Equities,ASXStock
0.018784801601085137,Region Group,Growth,Australian Shares,Australian Shares,Australian Shares,Real Estate - 60,ASX,AUD,Australia,,Retail REITs - 601070,Australia Large Blend Equity,Australian Equities,ASXStock
0.06597198814057552,Ramsay Health Care Limited,Growth,Australian Shares,Australian Shares,Australian Shares,Health Care - 35,ASX,AUD,Australia,,Health Care Providers & Services - 351020,Australia Large Blend Equity,Australian Equities,ASXStock
0.25405271238115074,Rio Tinto Limited,Growth,Australian Shares,Australian Shares,Australian Shares,Materials - 15,ASX,AUD,Australia,,Metals & Mining - 151040,Australia Large Blend Equity,Australian Equities,ASXStock
0.07203111011723476,ResMed Inc.,Growth,Australian Shares,Australian Shares,Australian Shares,Health Care - 35,ASX,AUD,Australia,,Health Care Equipment & Supplies - 351010,Australia Large Blend Equity,Australian Equities,ASXStock
0.012289230960913337,Regis Resources Limited,Growth,Australian Shares,Australian Shares,Australian Shares,Materials - 15,ASX,AUD,Australia,,Metals & Mining - 151040,Australia Large Blend Equity,Australian Equities,ASXStock
0.01762988224761518,Reliance Worldwide Corporation Limited,Growth,Australian Shares,Australian Shares,Australian Shares,Industrials - 20,ASX,AUD,Australia,,Building Products - 201020,Australia Large Blend Equity,Australian Equities,ASXStock
0.0930052606198386,South32 Limited,Growth,Australian Shares,Australian Shares,Australian Shares,Materials - 15,ASX,AUD,Australia,,Metals & Mining - 151040,Australia Large Blend Equity,Australian Equities,ASXStock
0.10163843194608652,Scentre Group,Growth,Australian Shares,Australian Shares,Australian Shares,Real Estate - 60,ASX,AUD,Australia,,Retail REITs - 601070,Australia Large Blend Equity,Australian Equities,ASXStock
0.040504355077621595,Steadfast Group Limited,Growth,Australian Shares,Australian Shares,Australian Shares,Financials - 40,ASX,AUD,Australia,,Insurance - 403010,Australia Large Blend Equity,Australian Equities,ASXStock
0.059951830237886666,Seek Limited,Growth,Australian Shares,Australian Shares,Australian Shares,Communication Services - 50,ASX,AUD,Australia,,Interactive Media & Services - 502030,Australia Large Blend Equity,Australian Equities,ASXStock
0.02243978113874386,Sandfire Resources Limited,Growth,Australian Shares,Australian Shares,Australian Shares,Materials - 15,ASX,AUD,Australia,,Metals & Mining - 151040,Australia Large Blend Equity,Australian Equities,ASXStock
0.020420027498250892,Sims Limited,Growth,Australian Shares,Australian Shares,Australian Shares,Materials - 15,ASX,AUD,Australia,,Metals & Mining - 151040,Australia Large Blend Equity,Australian Equities,ASXStock
0.0773115437842537,Stockland,Growth,Australian Shares,Australian Shares,Australian Shares,Real Estate - 60,ASX,AUD,Australia,,Diversified REITs - 601010,Australia Large Blend Equity,Australian Equities,ASXStock
0.00608640626380857,The Star Entertainment Group Limited,Growth,Australian Shares,Australian Shares,Australian Shares,Consumer Discretionary - 25,ASX,AUD,Australia,,"Hotels, Restaurants & Leisure - 253010",Australia Large Blend Equity,Australian Equities,ASXStock
0.10214466345382762,Sonic Healthcare Limited,Growth,Australian Shares,Australian Shares,Australian Shares,Health Care - 35,ASX,AUD,Australia,,Health Care Providers & Services - 351020,Australia Large Blend Equity,Australian Equities,ASXStock
0.005710713490162138,Silver Lake Resources Limited,Growth,Australian Shares,Australian Shares,Australian Shares,Materials - 15,ASX,AUD,Australia,,Metals & Mining - 151040,Australia Large Blend Equity,Australian Equities,ASXStock
0.06564182615503278,Washington H Soul Pattinson & Company Limited,Growth,Australian Shares,Australian Shares,Australian Shares,Financials - 40,ASX,AUD,Australia,,Financial Services - 402010,Australia Large Blend Equity,Australian Equities,ASXStock
0.006231027215064563,Spark New Zealand Limited,Growth,Australian Shares,Australian Shares,Australian Shares,Communication Services - 50,ASX,AUD,Australia,,Diversified Telecommunication Services - 501010,Australia Large Blend Equity,Australian Equities,ASXStock
0.012897106440002123,Block Inc.,Growth,Australian Shares,Australian Shares,Australian Shares,Financials - 40,ASX,AUD,Australia,,Financial Services - 402010,Australia Large Blend Equity,Australian Equities,ASXStock
0.20141882750732742,Santos Limited,Growth,Australian Shares,Australian Shares,Australian Shares,Energy - 10,ASX,AUD,Australia,,"Oil, Gas & Consumable Fuels - 101020",Australia Large Blend Equity,Australian Equities,ASXStock
0.013714702911632667,Super Retail Group Limited,Growth,Australian Shares,Australian Shares,Australian Shares,Consumer Discretionary - 25,ASX,AUD,Australia,,Specialty Retail - 255040,Australia Large Blend Equity,Australian Equities,ASXStock
0.13101825299160863,Suncorp Group Limited,Growth,Australian Shares,Australian Shares,Australian Shares,Financials - 40,ASX,AUD,Australia,,Insurance - 403010,Australia Large Blend Equity,Australian Equities,ASXStock
0.028553567450810686,Seven Group Holdings Limited,Growth,Australian Shares,Australian Shares,Australian Shares,Industrials - 20,ASX,AUD,Australia,,Trading Companies & Distributors - 201070,Australia Large Blend Equity,Australian Equities,ASXStock
0.005440407124926796,Sayona Mining Limited,Growth,Australian Shares,Australian Shares,Australian Shares,Materials - 15,ASX,AUD,Australia,,Metals & Mining - 151040,Australia Large Blend Equity,Australian Equities,ASXStock
0.0035517793505498545,Syrah Resources Limited,Growth,Australian Shares,Australian Shares,Australian Shares,Materials - 15,ASX,AUD,Australia,,Metals & Mining - 151040,Australia Large Blend Equity,Australian Equities,ASXStock
0.020166049985149186,TABCORP Holdings Limited,Growth,Australian Shares,Australian Shares,Australian Shares,Consumer Discretionary - 25,ASX,AUD,Australia,,"Hotels, Restaurants & Leisure - 253010",Australia Large Blend Equity,Australian Equities,ASXStock
0.2900133200623377,Transurban Group,Growth,Australian Shares,Australian Shares,Australian Shares,Industrials - 20,ASX,AUD,Australia,,Transportation Infrastructure - 203050,Australia Large Blend Equity,Australian Equities,ASXStock
0.0829790284414215,The Lottery Corporation Limited,Growth,Australian Shares,Australian Shares,Australian Shares,Consumer Discretionary - 25,ASX,AUD,Australia,,"Hotels, Restaurants & Leisure - 253010",Australia Large Blend Equity,Australian Equities,ASXStock
0.386164018652715,Telstra Group Limited,Growth,Australian Shares,Australian Shares,Australian Shares,Communication Services - 50,ASX,AUD,Australia,,Diversified Telecommunication Services - 501010,Australia Large Blend Equity,Australian Equities,ASXStock
0.016999872737147672,Telix Pharmaceuticals Limited,Growth,Australian Shares,Australian Shares,Australian Shares,Health Care - 35,ASX,AUD,Australia,,Biotechnology - 352010,Australia Large Blend Equity,Australian Equities,ASXStock
0.037460154712037994,Technology One Limited,Growth,Australian Shares,Australian Shares,Australian Shares,Information Technology - 45,ASX,AUD,Australia,,Software - 451030,Australia Large Blend Equity,Australian Equities,ASXStock
0.01901868376437535,TPG Telecom Limited,Growth,Australian Shares,Australian Shares,Australian Shares,Communication Services - 50,ASX,AUD,Australia,,Diversified Telecommunication Services - 501010,Australia Large Blend Equity,Australian Equities,ASXStock
0.04015478138022938,Treasury Wine Estates Limited,Growth,Australian Shares,Australian Shares,Australian Shares,Consumer Staples - 30,ASX,AUD,Australia,,Beverages - 302010,Australia Large Blend Equity,Australian Equities,ASXStock
0.056933747260918106,Vicinity Centres,Growth,Australian Shares,Australian Shares,Australian Shares,Real Estate - 60,ASX,AUD,Australia,,Retail REITs - 601070,Australia Large Blend Equity,Australian Equities,ASXStock
0.012005526179986403,Viva Energy Group Limited,Growth,Australian Shares,Australian Shares,Australian Shares,Energy - 10,ASX,AUD,Australia,,"Oil, Gas & Consumable Fuels - 101020",Australia Large Blend Equity,Australian Equities,ASXStock
0.014747340727558877,Ventia Services Group Limited,Growth,Australian Shares,Australian Shares,Australian Shares,Industrials - 20,ASX,AUD,Australia,,Construction & Engineering - 201030,Australia Large Blend Equity,Australian Equities,ASXStock
0.025698210705729644,Virgin Money Uk PLC,Growth,Australian Shares,Australian Shares,Australian Shares,Financials - 40,ASX,AUD,Australia,,Banks - 401010,Australia Large Blend Equity,Australian Equities,ASXStock
0.009033672206608253,West African Resources Limited,Growth,Australian Shares,Australian Shares,Australian Shares,Materials - 15,ASX,AUD,Australia,,Metals & Mining - 151040,Australia Large Blend Equity,Australian Equities,ASXStock
0.5411402313644603,Westpac Banking Corporation,Growth,Australian Shares,Australian Shares,Australian Shares,Financials - 40,ASX,AUD,Australia,,Banks - 401010,Australia Large Blend Equity,Australian Equities,ASXStock
0.4806455112421857,Woodside Energy Group Ltd,Growth,Australian Shares,Australian Shares,Australian Shares,Energy - 10,ASX,AUD,Australia,,"Oil, Gas & Consumable Fuels - 101020",Australia Large Blend Equity,Australian Equities,ASXStock
0.017993724649894675,Webjet Limited,Growth,Australian Shares,Australian Shares,Australian Shares,Consumer Discretionary - 25,ASX,AUD,Australia,,"Hotels, Restaurants & Leisure - 253010",Australia Large Blend Equity,Australian Equities,ASXStock
0.46769602063911725,Wesfarmers Limited,Growth,Australian Shares,Australian Shares,Australian Shares,Consumer Discretionary - 25,ASX,AUD,Australia,,Broadline Retail - 255030,Australia Large Blend Equity,Australian Equities,ASXStock
0.034296806833911786,Whitehaven Coal Limited,Growth,Australian Shares,Australian Shares,Australian Shares,Energy - 10,ASX,AUD,Australia,,"Oil, Gas & Consumable Fuels - 101020",Australia Large Blend Equity,Australian Equities,ASXStock
0.041583722305581834,Worley Limited,Growth,Australian Shares,Australian Shares,Australian Shares,Industrials - 20,ASX,AUD,Australia,,Construction & Engineering - 201030,Australia Large Blend Equity,Australian Equities,ASXStock
0.3174455153189668,Woolworths Group Limited,Growth,Australian Shares,Australian Shares,Australian Shares,Consumer Staples - 30,ASX,AUD,Australia,,Consumer Staples Distribution & Retail - 301010,Australia Large Blend Equity,Australian Equities,ASXStock
0.012471217111337548,Waypoint REIT,Growth,Australian Shares,Australian Shares,Australian Shares,Real Estate - 60,ASX,AUD,Australia,,Retail REITs - 601070,Australia Large Blend Equity,Australian Equities,ASXStock
0.07595715064932228,WiseTech Global Limited,Growth,Australian Shares,Australian Shares,Australian Shares,Information Technology - 45,ASX,AUD,Australia,,Software - 451030,Australia Large Blend Equity,Australian Equities,ASXStock
0.12030748195796002,Xero Limited,Growth,Australian Shares,Australian Shares,Australian Shares,Information Technology - 45,ASX,AUD,Australia,,Software - 451030,Australia Large Blend Equity,Australian Equities,ASXStock
